pin,first_name,last_name,email,gender,address,date_of_birth,place_of_birth,country,password
83913096797,Jamal,Howett,jhowett0@printfriendly.com,Male,1631 Michigan Plaza,1944-03-20,Louisville,United States,GFzEnDLl
19943154001,Lorie,Pipes,lpipes1@youku.com,Female,4 Dennis Alley,1971-10-27,New York City,United States,YBsvZlbz
67592716194,Marietta,Winnard,mwinnard2@opera.com,Male,385 Union Alley,1943-08-15,Pasadena,United States,CSJEpKeQ
04774646110,Lynde,Noriega,lnoriega3@berkeley.edu,Female,8009 Shoshone Street,2002-06-16,Santa Fe,United States,WnBzTZhI
47543332534,Charo,M'Chirrie,cmchirrie4@utexas.edu,Female,38 Knutson Pass,1962-04-23,Dallas,United States,ajUCnjQs
17654204529,Vivianna,Iddins,viddins5@reverbnation.com,Female,9 Esker Center,1974-10-14,Tallahassee,United States,AXMhWMyd
87925696491,Meta,Bythell,mbythell6@google.co.jp,Female,50704 Arapahoe Terrace,2000-03-31,Omaha,United States,QHnWGlfX
68017399696,Benn,Samart,bsamart7@forbes.com,Male,162 Shopko Point,1995-05-27,San Antonio,United States,juMiseng
08574351455,Emanuele,Beeston,ebeeston8@acquirethisname.com,Male,5376 Sugar Drive,1969-07-24,New Brunswick,United States,FKTsMPHk
43499039045,Abner,Pulster,apulster9@discovery.com,Male,498 Dorton Place,1975-09-21,Naples,United States,fmtbcqYU
40794930765,Remington,Mitford,rmitforda@goo.ne.jp,Male,20316 Barnett Trail,2001-06-17,Philadelphia,United States,oxMSBKkq
57634999807,Raymond,Braywood,rbraywoodb@opensource.org,Male,14204 Pearson Trail,1996-10-01,Torrance,United States,rqCgxSXy
16657222164,Webb,Darridon,wdarridonc@netvibes.com,Male,630 6th Parkway,1962-12-12,Columbus,United States,WjPjtSok
69784696399,Hansiain,Franzen,hfranzend@nationalgeographic.com,Male,98965 Moland Pass,1985-08-17,Bellevue,United States,PuIAmihd
76355951188,Veronique,Fryd,vfryde@sogou.com,Female,8721 Sauthoff Alley,1989-06-12,Denton,United States,TNpFVsPS
23437925826,Fanchette,Morteo,fmorteof@jugem.jp,Female,88 Vera Hill,1967-07-06,Fort Worth,United States,nOURySki
29474656995,Neala,Duchesne,nduchesneg@yahoo.co.jp,Female,8013 Division Trail,1980-01-08,Charleston,United States,iqtWfTGL
91495945369,Dexter,Bertson,dbertsonh@wordpress.com,Male,8729 Pleasure Place,1989-10-23,Pittsburgh,United States,IRzalMoe
31898360974,Isac,Bordessa,ibordessai@vistaprint.com,Male,8584 Briar Crest Way,1972-05-08,Phoenix,United States,CerKvaDH
46891543533,Jemimah,Elcock,jelcockj@biblegateway.com,Female,4 Homewood Plaza,1938-02-19,New Brunswick,United States,FTTjfYLW
09033410077,Peadar,Dealey,pdealeyk@xinhuanet.com,Male,62 Loomis Road,1946-01-19,Des Moines,United States,MIxpLLxB
45356688403,Estel,Airth,eairthl@bigcartel.com,Genderfluid,194 Sheridan Hill,1983-07-22,Atlanta,United States,UpiKxYvl
79940281325,Leela,Radden,lraddenm@woothemes.com,Female,08 Fallview Lane,1942-09-05,Amarillo,United States,OdKHRHmh
80743025207,Blondy,Northover,bnorthovern@icq.com,Female,901 Bay Park,1985-12-18,New Brunswick,United States,SkpatQLE
16768823080,Tremaine,Baigrie,tbaigrieo@prweb.com,Male,8095 Blaine Point,1964-09-22,Sacramento,United States,oerLvumZ
98481245094,Diannne,Barchrameev,dbarchrameevp@usda.gov,Female,1372 Crownhardt Hill,1988-12-21,Bryan,United States,POExyKPW
10101589341,Maximilianus,MacWhirter,mmacwhirterq@g.co,Male,4 Talisman Court,1949-06-06,Washington,United States,wujkMbUN
37692095706,Trish,Pinckstone,tpinckstoner@rambler.ru,Female,69 Mandrake Hill,1976-06-05,Beaumont,United States,uuLIFTQZ
94427107373,Ora,Kun,okuns@blinklist.com,Female,93112 Canary Plaza,1977-11-06,Richmond,United States,SIhbavbt
64632733221,Walsh,Eplett,weplettt@tripod.com,Male,586 Little Fleur Trail,1979-04-15,Charlotte,United States,NQqlYAKF
00425926874,Grethel,Tschiersch,gtschierschu@mlb.com,Female,02819 Starling Road,1973-10-09,Sunnyvale,United States,hzYClTUY
86266781834,Elianore,Ragbourne,eragbournev@webnode.com,Female,2 Merry Center,1947-04-29,Cedar Rapids,United States,mJpNjqQA
25216111232,Dwayne,Kleis,dkleisw@globo.com,Agender,77580 Ohio Plaza,1955-09-29,Beaverton,United States,iooRyFGE
32749041279,Ferdinand,Aspling,fasplingx@washington.edu,Male,49797 Packers Place,1954-05-11,Baltimore,United States,UEZtNihf
28775342357,Lucias,Shaudfurth,lshaudfurthy@trellian.com,Male,83223 Norway Maple Hill,1954-09-08,Charlotte,United States,ihxwxGPF
55477399157,Stefania,Mulbery,smulberyz@washington.edu,Female,001 Banding Drive,1990-06-02,Colorado Springs,United States,VjCdhxiM
95919777735,Emelia,Palin,epalin10@networkadvertising.org,Female,0 Leroy Drive,1957-08-17,Miami,United States,LrJgjsfw
88926083707,Jeralee,Wrettum,jwrettum11@webeden.co.uk,Female,0467 Stang Terrace,1958-08-26,Toledo,United States,msuaTxAm
51944763338,Stephan,Wagstaffe,swagstaffe12@angelfire.com,Male,08 Badeau Alley,1987-07-06,Gainesville,United States,XVanuZRS
95662410997,Jock,Blasgen,jblasgen13@delicious.com,Male,36931 Eastwood Terrace,1996-09-09,Denver,United States,kSUukvgY
90765169218,Daniela,Boscott,dboscott14@omniture.com,Female,3 Glendale Trail,1966-04-11,Philadelphia,United States,cPVptCHS
30658066191,Lanita,Tubritt,ltubritt15@aboutads.info,Female,293 Superior Parkway,1985-12-31,Shawnee Mission,United States,kZGLPPdc
31522428297,Joanna,Scamerdine,jscamerdine16@uiuc.edu,Female,8 6th Court,1955-04-27,Atlanta,United States,MYsyjLDs
59305554290,Shermy,Hoyt,shoyt17@g.co,Male,38539 Katie Park,1964-08-14,Rochester,United States,kchRLPXN
20345197013,Bernice,Marcombe,bmarcombe18@hexun.com,Female,03590 Schurz Junction,1975-05-24,Irving,United States,CEkDBpZQ
13941764325,Corilla,Jenne,cjenne19@disqus.com,Female,67292 Manley Parkway,1996-10-13,Zephyrhills,United States,DrjzYdDA
46981493389,Frasier,Mountain,fmountain1a@europa.eu,Non-binary,336 Badeau Point,1994-08-07,Stockton,United States,LqHKKyez
11743435789,Kerr,Headon,kheadon1b@accuweather.com,Agender,682 Reinke Avenue,1958-04-03,Fullerton,United States,RgLVlSfC
01081858506,Roxy,Basden,rbasden1c@latimes.com,Female,20 Donald Pass,1967-04-24,Newark,United States,xDMBwLdx
48093346495,Normand,Stallen,nstallen1d@1und1.de,Male,1413 Golf Lane,1987-01-22,Providence,United States,OyszFXir
47758309573,Melosa,Firby,mfirby1e@timesonline.co.uk,Female,3 Lake View Terrace,1989-11-17,Greensboro,United States,kinfJYdr
47501326893,Zedekiah,Naisby,znaisby1f@opera.com,Male,2 Everett Alley,1977-11-22,Memphis,United States,lPabnbiQ
74085870562,Claudina,Stopper,cstopper1g@apple.com,Female,4 Tennyson Place,1967-02-05,Columbus,United States,rPjGximC
47593203055,Marchall,Mityukov,mmityukov1h@skyrock.com,Male,4301 Northridge Terrace,1962-03-28,Saint Louis,United States,hENHSLSa
42517830451,Der,Bunworth,dbunworth1i@alibaba.com,Male,5622 Stang Junction,1958-10-18,Boise,United States,IcYwbAkY
50682213576,Maddalena,Moughton,mmoughton1j@live.com,Female,65 Arizona Court,1977-09-19,Shawnee Mission,United States,TwTOemxV
63021474835,Lucila,Souza,lsouza1k@theatlantic.com,Female,678 Paget Junction,1985-04-01,Newark,United States,ocbErrqM
36629215753,Rosalia,Riddoch,rriddoch1l@fotki.com,Female,0 Melrose Avenue,1993-01-25,Seattle,United States,ZyoNelRa
42858199419,Janifer,Dullaghan,jdullaghan1m@microsoft.com,Female,89 1st Trail,1995-03-27,Austin,United States,KnJCotIi
53732673364,Michal,Runsey,mrunsey1n@alibaba.com,Male,1140 Stone Corner Circle,1991-11-18,Santa Ana,United States,cQdZvUMp
02116836194,Rahel,Boldecke,rboldecke1o@bloglovin.com,Non-binary,52326 Clemons Park,1962-11-28,High Point,United States,DtmxVphR
72931508282,Cal,Gouldeby,cgouldeby1p@telegraph.co.uk,Female,439 Ohio Circle,1985-09-05,Nashville,United States,inFpbBJB
74849459366,Christiana,Bryns,cbryns1q@4shared.com,Female,537 Almo Terrace,1964-07-18,Columbus,United States,XFDcMlNz
12594288569,Torrin,Rigardeau,trigardeau1r@arstechnica.com,Male,96109 Starling Junction,1949-11-12,Albany,United States,qeOMxNGs
48268381793,Joanie,Gover,jgover1s@mozilla.com,Female,08399 Warrior Circle,1957-03-14,Independence,United States,PJSMebhx
23869276944,Levin,Burlay,lburlay1t@go.com,Male,0593 Oakridge Street,1951-04-04,Chicago,United States,rJcANPIE
32324149659,Theresa,Shattock,tshattock1u@xinhuanet.com,Agender,90016 Manitowish Street,2001-04-05,Orlando,United States,ysuOwTGZ
37398728919,Trudi,Jagson,tjagson1v@irs.gov,Female,0504 Boyd Hill,2002-02-16,Bloomington,United States,BissgzGZ
37870696569,Fleming,Makiver,fmakiver1w@stumbleupon.com,Male,594 Logan Hill,2002-10-26,Albuquerque,United States,aMqzMYCH
80109055773,Shellysheldon,Pereira,spereira1x@linkedin.com,Male,8574 Merrick Alley,1997-10-28,Springfield,United States,mHgRghxh
43697902756,Morly,McBeath,mmcbeath1y@hc360.com,Male,992 Brickson Park Circle,2001-12-13,Providence,United States,UyKYBdax
51871458922,Roselle,Kingdom,rkingdom1z@booking.com,Female,660 Dexter Point,1986-04-16,Columbus,United States,ZCfBNSpG
19638265814,Trever,Rowcliffe,trowcliffe20@discovery.com,Polygender,6 Lien Junction,1993-08-28,Battle Creek,United States,lAOXChmY
10091203481,Ricard,Bater,rbater21@seesaa.net,Male,73215 Tennessee Circle,1987-05-18,Lexington,United States,jDEzPsGX
51676667924,Noell,Gaiford,ngaiford22@storify.com,Female,329 Spaight Alley,1965-07-01,Ocala,United States,VkVBoMde
40891709247,Ulberto,Dotterill,udotterill23@stanford.edu,Male,2 Cordelia Court,1973-01-14,Fresno,United States,NSfibBBO
06088361589,Sophey,Krause,skrause24@cisco.com,Female,68859 Stephen Hill,1968-01-07,Los Angeles,United States,iOcQpHbQ
38067374618,Inger,Antosik,iantosik25@tumblr.com,Male,5753 Mallard Junction,1978-05-20,Saint Petersburg,United States,hKoRHccx
36059903300,Gerti,Macauley,gmacauley26@twitter.com,Female,83890 Waywood Pass,1984-05-11,Des Moines,United States,KDOlqJPV
64984130634,Latisha,Mulvenna,lmulvenna27@irs.gov,Female,0313 Vera Park,1990-01-21,San Antonio,United States,zXdmQMzv
31626624272,Melly,Tilbey,mtilbey28@bandcamp.com,Female,34 Parkside Road,1969-12-12,Cheyenne,United States,zaTGwUGO
49005987155,Wendell,Kubicek,wkubicek29@wikimedia.org,Male,21 Eagle Crest Street,1988-06-13,Maple Plain,United States,qOTRoJAW
49172569863,Alikee,Carnelley,acarnelley2a@scribd.com,Genderqueer,878 Scott Terrace,2001-06-05,Dearborn,United States,ybIuXNgJ
66721137843,Hendrick,Boulder,hboulder2b@cdbaby.com,Male,958 Gulseth Junction,1958-11-20,Greensboro,United States,dKzCOUOB
58574340299,Nanette,Darington,ndarington2c@twitpic.com,Female,781 Caliangt Point,1966-12-18,New York City,United States,EFhnNixD
11762121095,Von,Osipov,vosipov2d@tiny.cc,Male,26 Raven Lane,1959-12-01,Sacramento,United States,lEthWwmW
65424208684,Erroll,Corday,ecorday2e@dell.com,Genderfluid,9 Sachtjen Crossing,1996-06-21,Honolulu,United States,BFBAWLOd
23748691317,Aleta,Giacobelli,agiacobelli2f@hao123.com,Female,04714 Cambridge Place,2000-09-09,Iowa City,United States,dkDEaMhX
90771527529,Barbara-anne,Nattrass,bnattrass2g@google.co.jp,Female,97 Gateway Junction,2001-06-29,Pinellas Park,United States,gzcBiHgq
50142753523,Titus,Bolding,tbolding2h@cpanel.net,Male,1871 Helena Park,1987-12-10,Valdosta,United States,EJoxbHCL
47314064654,Alic,Brodeur,abrodeur2i@cafepress.com,Male,05616 Shopko Crossing,1983-04-05,Oklahoma City,United States,JOvPAhIM
68999616428,Sue,Grevatt,sgrevatt2j@icq.com,Genderqueer,09 Hanson Avenue,1961-01-16,Macon,United States,hkortTVw
07303392352,Farlee,Awcock,fawcock2k@furl.net,Male,4 Lakeland Circle,1953-07-19,Carson City,United States,SimZJNRu
94093671835,Dorise,Tirte,dtirte2l@dell.com,Non-binary,4 Fairview Trail,1942-02-28,Greensboro,United States,lpWGGnvk
44473633982,Bryce,Kryzhov,bkryzhov2m@aboutads.info,Male,79553 Scoville Avenue,1994-07-07,Houston,United States,xBaERDns
69145940399,Antonella,Philipsson,aphilipsson2n@mashable.com,Female,183 Superior Road,1983-11-28,Washington,United States,cfEzdDmK
19428979660,Murial,Chupin,mchupin2o@etsy.com,Female,399 Montana Avenue,1959-08-24,San Antonio,United States,gvvZjUFH
41372869206,Juditha,Madgwich,jmadgwich2p@themeforest.net,Female,9638 Erie Junction,1998-02-09,Pensacola,United States,BzkzlVnX
47972472721,Elroy,Bruford,ebruford2q@apple.com,Male,4 Hanson Avenue,1968-05-21,Springfield,United States,WQlKTYfP
20297459624,Ermanno,MacEvilly,emacevilly2r@gnu.org,Male,492 Waywood Lane,1986-12-07,Fort Wayne,United States,UlVCNFda
41741667725,Ronnie,Fullbrook,rfullbrook2s@rediff.com,Female,496 Monica Court,1961-05-19,Philadelphia,United States,lqODdCXa
28428538449,Barrie,Learmond,blearmond2t@geocities.jp,Male,404 Gale Hill,1959-11-16,Saginaw,United States,uTIlUgrL
29499630048,Omero,Birwhistle,obirwhistle2u@godaddy.com,Male,1244 Sugar Crossing,1972-03-05,Norfolk,United States,uQjnTgqX
93125797093,Murvyn,Mathes,mmathes2v@fotki.com,Male,0 Hooker Crossing,1969-11-14,Paterson,United States,NQHBrmYB
31670986399,Britteny,Escale,bescale2w@so-net.ne.jp,Female,0 Colorado Street,1946-04-25,Harrisburg,United States,vKSKLhIg
75976899070,Noble,Boshere,nboshere2x@dmoz.org,Male,57457 Stoughton Circle,1961-03-16,Wilkes Barre,United States,AJYyXlHO
24614909118,Alphard,Sutherington,asutherington2y@mayoclinic.com,Male,05638 Kipling Avenue,1967-10-28,Los Angeles,United States,LTGkmuoE
90492097247,Vivienne,Stanyan,vstanyan2z@cpanel.net,Female,1384 Arapahoe Avenue,1975-03-17,Washington,United States,LqhWKEhe
96569677297,Chalmers,Hyde,chyde30@elegantthemes.com,Male,35 Porter Trail,1982-11-14,Hyattsville,United States,IVtIgGrF
78846528804,Chester,Halbard,chalbard31@amazon.de,Male,915 4th Court,2001-12-13,Milwaukee,United States,DmyPPeZj
96822880166,Royal,Savidge,rsavidge32@pen.io,Male,35429 Esker Alley,1965-10-25,Garland,United States,jYnaQXvK
26793682113,Guillaume,Mullen,gmullen33@blog.com,Genderfluid,983 Independence Way,1942-03-31,Baltimore,United States,xxdTdXMF
61619027316,Base,Ellesmere,bellesmere34@princeton.edu,Male,0980 Oxford Way,1973-03-12,Phoenix,United States,wsdnecfx
83371795984,Mellisa,Pizzey,mpizzey35@bbc.co.uk,Female,75 Basil Park,1988-01-12,Charlottesville,United States,zzjiCplU
46693686393,Dmitri,Minton,dminton36@dell.com,Male,62967 Derek Terrace,2001-11-23,Albany,United States,ExGuWoDa
03236675551,Vincenty,Lias,vlias37@hhs.gov,Male,823 Ludington Center,1953-04-17,Springfield,United States,DImlZKTH
61988790843,Evangeline,MacMechan,emacmechan38@senate.gov,Female,3975 Grover Pass,1956-06-28,San Diego,United States,vhMwcgcV
92880172569,Rina,Edlestone,redlestone39@craigslist.org,Female,429 Vahlen Crossing,1972-08-10,Orlando,United States,ZliAInxm
80934521535,Nero,Josephson,njosephson3a@hc360.com,Male,6 Leroy Court,1999-05-08,Denver,United States,NCUQUVgP
71492865242,Kordula,Malthus,kmalthus3b@mashable.com,Female,8416 Norway Maple Way,1943-04-15,Fort Worth,United States,xOJFEMZG
49504375063,Devin,O'Fogerty,dofogerty3c@ifeng.com,Male,71619 Dapin Hill,1969-10-23,Jacksonville,United States,zfKQyXtz
24400353683,Vivian,Caseborne,vcaseborne3d@dyndns.org,Female,8250 Vermont Drive,1971-05-06,Washington,United States,mDbLGOUv
81742537213,Royal,Bisgrove,rbisgrove3e@hostgator.com,Male,0 Pennsylvania Lane,1957-01-08,Saint Louis,United States,ESKUYnmu
71518840254,Erminie,Lindelof,elindelof3f@scientificamerican.com,Bigender,82106 Manufacturers Alley,1987-09-26,New Orleans,United States,WCjmTQpG
54003776443,Emmerich,Cicchinelli,ecicchinelli3g@tiny.cc,Non-binary,6 Cardinal Center,1987-10-06,Port Saint Lucie,United States,kErIkVvY
44020481231,Elisha,Alonso,ealonso3h@ebay.co.uk,Female,12 American Drive,1964-04-28,Detroit,United States,joCRPAHb
45240756712,Adaline,Mc Grath,amcgrath3i@macromedia.com,Female,169 Independence Hill,1975-05-02,Mesa,United States,pXjvqNWe
31724328247,Erminie,Jedrzaszkiewicz,ejedrzaszkiewicz3j@163.com,Genderfluid,6063 Rockefeller Point,1961-03-26,Pensacola,United States,ouEneBOo
17094466027,Etan,Fotheringham,efotheringham3k@freewebs.com,Male,83202 Cherokee Junction,1971-12-26,Milwaukee,United States,KyZWRZGT
82883422416,Stevana,Brambley,sbrambley3l@webeden.co.uk,Female,470 Pleasure Circle,1965-06-08,Detroit,United States,lQgWjmIE
48611022490,Tove,Yorke,tyorke3m@huffingtonpost.com,Female,760 Arapahoe Court,1988-07-01,Torrance,United States,oenBNWAV
13019798685,Ula,Fonquernie,ufonquernie3n@sourceforge.net,Female,01 Nova Court,1998-12-12,Saint Louis,United States,czqmsVUA
77197595677,Elysia,Melbourne,emelbourne3o@ebay.com,Female,0 Melby Hill,1990-03-12,Phoenix,United States,urdtUXQl
91411443541,Johnnie,Greber,jgreber3p@zimbio.com,Male,65 Waywood Way,1976-04-06,Akron,United States,mkFGVQbV
13262474399,Jasper,Button,jbutton3q@forbes.com,Male,02141 Grayhawk Junction,1996-04-04,Mesa,United States,CsgbtWiC
41683855032,Luciano,Farnaby,lfarnaby3r@cisco.com,Male,73 Weeping Birch Way,1999-12-09,Austin,United States,tsDfuXRE
89222661354,Marc,Maidens,mmaidens3s@whitehouse.gov,Male,5 Manitowish Court,1979-07-07,Iowa City,United States,FjeosAwJ
98458759330,Carmelita,Armatage,carmatage3t@mysql.com,Female,29459 Old Shore Avenue,1957-07-20,Amarillo,United States,ZsxPmjgK
72728111817,Angelico,Ghost,aghost3u@bbc.co.uk,Male,368 Crowley Pass,1981-05-14,Charleston,United States,lzOAmwNi
52522383513,Dodie,Widdocks,dwiddocks3v@storify.com,Female,26350 Thompson Pass,1972-02-22,Las Vegas,United States,bpccpHjD
84290013033,Hastie,Scawen,hscawen3w@tiny.cc,Male,9355 Mayer Circle,1980-01-24,Columbus,United States,SHCosway
28625270673,Sheree,Dawber,sdawber3x@soup.io,Female,90 Sunfield Place,1971-08-14,El Paso,United States,koCuHZeH
13107713588,Eve,Bernardo,ebernardo3y@drupal.org,Female,09107 Ridgeway Circle,1972-01-19,Aurora,United States,KYgOfWnQ
24321250520,Amory,Badman,abadman3z@deviantart.com,Male,7 Riverside Park,2000-12-07,New York City,United States,YGBDCbZs
28261343592,Maritsa,Blackly,mblackly40@blogger.com,Female,7183 Eastlawn Circle,1989-07-04,Newport News,United States,mMqMVTdI
91570355901,Sullivan,Rangell,srangell41@chron.com,Male,5 Dapin Trail,1962-03-26,Huntington Beach,United States,ssTfFlxO
67753205928,Linnell,Stiven,lstiven42@dell.com,Female,63 Pennsylvania Avenue,1984-06-12,Philadelphia,United States,dCmPjhTD
82867046393,Marijo,Kibbye,mkibbye43@miibeian.gov.cn,Female,11960 Summit Street,1989-01-26,Las Cruces,United States,vnywDZLH
24251316949,Tate,Harness,tharness44@netvibes.com,Female,9 Anthes Street,2000-03-15,Louisville,United States,kOpdCYad
88598448402,Darin,Foulger,dfoulger45@boston.com,Male,79588 Cottonwood Trail,1979-11-07,Anaheim,United States,mWjnNPht
46490708753,Alvie,Matis,amatis46@auda.org.au,Male,824 Lunder Crossing,1961-10-25,Dallas,United States,qUJlaFpi
15151892999,Baryram,Sivorn,bsivorn47@unblog.fr,Male,9141 Corry Circle,1945-10-10,Midland,United States,roOewHDf
83538616057,Francine,Straun,fstraun48@businessweek.com,Non-binary,0 Cottonwood Road,1975-04-01,Las Vegas,United States,nxekKKrM
79280922270,Julia,Bulloch,jbulloch49@nsw.gov.au,Female,88081 Randy Terrace,1991-07-04,Louisville,United States,ozMYbJFN
79335439239,Brandi,Buckthought,bbuckthought4a@eepurl.com,Female,6676 Chinook Pass,1985-04-22,Harrisburg,United States,HsXOrCdO
96360516520,Roseann,Cosgrave,rcosgrave4b@howstuffworks.com,Female,2 Bonner Street,1970-06-21,Lansing,United States,UQSzmufh
56799565115,Kendre,Chree,kchree4c@wsj.com,Female,0788 Carey Park,1964-12-11,Littleton,United States,TiZXetNo
06890725330,Lazarus,Gheeorghie,lgheeorghie4d@va.gov,Male,7235 Welch Alley,1980-09-08,Newport Beach,United States,kMYlPaGk
13580045352,Willie,Upham,wupham4e@blogs.com,Female,5 Westridge Drive,1968-01-17,Houston,United States,axUYvNoE
37440693012,Land,Orrah,lorrah4f@seesaa.net,Male,3 2nd Point,1989-12-11,New Brunswick,United States,clLrWtRD
90361945293,Walton,Benford,wbenford4g@discuz.net,Male,35284 Delladonna Avenue,2000-01-01,Yonkers,United States,OitpwIGG
08456356491,Taite,Drillingcourt,tdrillingcourt4h@cnn.com,Male,7896 Mayer Alley,1965-12-04,Dallas,United States,cwQZAOLj
97745064973,Harlin,Jodlkowski,hjodlkowski4i@bizjournals.com,Genderqueer,18 Bunker Hill Point,1982-03-09,Wilmington,United States,kACjifie
43773039924,Claudina,Buesnel,cbuesnel4j@oakley.com,Female,71 Manufacturers Lane,1995-12-23,Birmingham,United States,zajKxiLZ
21899253933,Brandyn,Grevile,bgrevile4k@timesonline.co.uk,Male,7 Caliangt Avenue,1949-05-20,Milwaukee,United States,aEWXLpQr
84847933942,Ernst,Gercken,egercken4l@nydailynews.com,Male,7 Independence Pass,1979-07-03,Bethlehem,United States,dYhKIxZN
66612300161,Wylie,Tungate,wtungate4m@privacy.gov.au,Male,81919 Anzinger Place,1980-08-08,Albuquerque,United States,ePJFqEAO
36973397002,Thomasine,Fairleigh,tfairleigh4n@liveinternet.ru,Female,8 Nancy Terrace,1945-08-29,Columbia,United States,WbtCkdzA
23275085036,Giusto,Maccrie,gmaccrie4o@hao123.com,Male,402 Sage Hill,1971-07-18,Chicago,United States,BJfmpMkv
39035975197,Jana,Sharphouse,jsharphouse4p@geocities.com,Non-binary,09721 Rowland Junction,1949-05-15,Midland,United States,QPXeBWaF
58513082628,Fowler,Elsie,felsie4q@google.nl,Male,8764 Hooker Alley,1979-06-01,Santa Cruz,United States,GqqXbvIZ
44444422768,Rosalind,Bradane,rbradane4r@cnn.com,Female,73 Algoma Plaza,1961-08-21,Delray Beach,United States,KasdIBLP
61822264668,Eleonora,Maletratt,emaletratt4s@blogger.com,Female,38017 Coleman Lane,1970-08-03,Raleigh,United States,bgFTBYyw
82758111837,Randi,Luno,rluno4t@latimes.com,Male,0876 Parkside Circle,1954-08-12,Sterling,United States,OfrHReLc
47708009797,Susanna,Canas,scanas4u@bloomberg.com,Female,95900 Rutledge Hill,1986-07-08,San Francisco,United States,GPRlfzfW
35418051189,Meriel,Yuranovev,myuranovev4v@gnu.org,Female,756 Badeau Circle,1992-08-12,Evansville,United States,PJjXjZgB
85490705048,Mahmoud,Hubbucke,mhubbucke4w@opensource.org,Male,91 Farwell Place,1970-09-30,Milwaukee,United States,azWzEtHY
71824766263,Conn,Burles,cburles4x@yandex.ru,Male,84 Hollow Ridge Road,1985-08-06,Knoxville,United States,TiqBLWAc
74991921662,Aggi,Webberley,awebberley4y@wordpress.com,Female,56 Clyde Gallagher Junction,1992-01-22,Roanoke,United States,fJGkbwJn
18969975118,Selestina,Gockeler,sgockeler4z@printfriendly.com,Female,7 Iowa Plaza,1990-11-15,Des Moines,United States,TPVjPbRq
68119559348,Rolph,Fell,rfell50@plala.or.jp,Male,83609 Declaration Crossing,1995-10-31,Fort Worth,United States,BEuHITed
38141578397,Adolphus,Pettingill,apettingill51@patch.com,Genderqueer,7 Dapin Terrace,2001-01-19,Columbus,United States,TBJGilXL
01520892994,Ray,Frawley,rfrawley52@springer.com,Male,37 Namekagon Center,1984-05-19,Winston Salem,United States,encHzUKx
77723500038,Mozelle,Siddons,msiddons53@google.co.jp,Female,1906 4th Drive,1949-11-12,Saint Louis,United States,kDpgIuKw
45562468860,Leann,Hurl,lhurl54@phoca.cz,Female,44 West Trail,1958-01-15,Paterson,United States,RxSDPUPK
79728773621,Pietrek,Merrywether,pmerrywether55@devhub.com,Genderqueer,23 Maple Hill,1959-08-20,Los Angeles,United States,loGvaeIJ
15223139921,Yule,Toffolo,ytoffolo56@globo.com,Male,25 Towne Lane,1991-09-22,Houston,United States,ziqWaRsU
65848574559,Leroy,McDonnell,lmcdonnell57@arstechnica.com,Male,1 Heath Trail,1984-09-06,New York City,United States,qDyDqJlD
88715129873,Ricki,Blincoe,rblincoe58@fema.gov,Male,620 Briar Crest Road,1940-12-10,Boise,United States,OEDAIoGU
54212771489,Otha,Rolse,orolse59@addtoany.com,Female,4 Corry Junction,1971-11-02,Washington,United States,IDxyPzRO
05655693173,Dwight,Arrighetti,darrighetti5a@google.fr,Male,4 Washington Center,1972-04-01,Portland,United States,UmemWTyB
87930147147,Chelsy,De Wolfe,cdewolfe5b@blinklist.com,Agender,0 Mockingbird Park,1985-07-07,Santa Fe,United States,UASMJjzV
27599780984,Myrvyn,Hails,mhails5c@weibo.com,Male,47933 Sheridan Terrace,1975-06-23,Trenton,United States,cJaojShV
97688226170,Wells,Sawart,wsawart5d@irs.gov,Male,78 Roth Avenue,1991-09-26,Tampa,United States,VXgpUwcA
76308774210,Anatola,Rosbrough,arosbrough5e@newyorker.com,Female,9 Fremont Circle,1998-12-18,Madison,United States,lCGpcgTA
11880020124,Peria,Lennie,plennie5f@github.io,Female,132 Boyd Circle,1947-03-29,Fairbanks,United States,ilPkcCny
45725362312,Hermy,Firbank,hfirbank5g@bloglines.com,Male,7617 Melvin Junction,1943-10-30,Phoenix,United States,CbyQXMnn
53784308098,Maryanna,Wescott,mwescott5h@google.com.au,Female,38 Heath Plaza,1966-09-24,El Paso,United States,cMTFJoUY
99244861956,Vinnie,Cudby,vcudby5i@ox.ac.uk,Female,27 Bunker Hill Circle,1952-01-05,Corona,United States,hQdLZoAG
42657822390,Hedda,Verlander,hverlander5j@nsw.gov.au,Female,129 Alpine Hill,1976-07-01,Rochester,United States,SyhaWGXz